FRASE,,OBJ/SUBJ,POLARIDADE
"Os dois se mudam para uma casa com fama de má assombrada em Faetherbank, no interior e descobrem às duras penas que a residência possui relação com crimes macabros na cidade.",,objetiva,neutra
"Conta a historia de cada uma de seus momentos marcantes de tim tim por tim fala de os conflitos de uma amizade, de a tristeza quando acontece algo com alguma amiga ...",,objetiva,neutra
Vamos sonhar juntos traz uma análise do que esta crise pode nos ensinar sobre a maneira como lidamos com turbulências de qualquer tipo em nossas vidas e no mundo. ,,objetiva,neutra
"Ainda arrasado após a perda da esposa, Tom Kennedy se muda com o filho Jake para o pacato vilarejo de Featherbank, em busca de um recomeço mais do que necessário.",,objetiva,neutra
"Vinte anos antes, um pervertido assassino em série sequestrou e matou cinco meninos.",,objetiva,neutra
"Nesse livro se desenrola uma história onde o próprio assassino se torna vitima de seu plano, mas não porque tenha dado errado, mas pelo contrario, deu tão certo que quando ele quis contar a verdade ninguém, mas ninguém mesmo, acreditava nele.",,objetiva,neutra
"O livro em si trata de forma intensa a vida de um portador de transtorno mental, nos alerta quanto as maneiras de lidar com pessoas que passam por isso.",,objetiva,neutra
" Conheça sua trajetória desde a infância como escravo em Tatooine junto à mãe; o treinamento como Padawan para se transformar no Jedi escolhido para derrotar a Força e, por fim, como se deu a transição para o Lado Sombrio a fim de salvar seus entes queridos.",,objetiva,neutra
"O livro é um compilado de 10 contos peculiares (sério?) feito pelo estudioso de peculiaridades Millard Nullings, e retrata o folclore das crianças.",,objetiva,neutra
"Abordando técnicas que vão da psicanálise à meditação, o livro é um guia rápido para a transformação pessoal.",,objetiva,neutra
"O livro mostra basicamente três coisas que Hemingway mais gostava. Bebida, boemia e a força da natureza contra o homem.",,objetiva,neutra
"No início dos anos 1900, a adolescente Sunja, filha adorada de um pescador aleijado, apaixona-se perdidamente por um rico forasteiro na costa perto de sua casa, na Coreia.",,objetiva,neutra
"O país e o povo vivem em torpor, um torpor causado pela fome, pela falta de esperança, pela proximidade com a morte.",,objetiva,neutra
"Um ônibus incendiado em uma estrada poeirenta serve de abrigo ao velho Tuahir e ao menino Muidinga, em fuga da guerra civil que grassa por toda parte em Moçambique. ",,objetiva,neutra
"O marido de Verity, Jeremy Crawford, e Lowen combinam da mulher passar um tempo na casa deles para analisar todo o material de Verity.",,objetiva,neutra
"Um livro que explicita com detalhes as consequências de uma guerra, com mistura da cultura africana e o realismo mágico.",,objetiva,neutra
"E nessas história a quantidade de temas é grande: racismo, abandono, violência, colonização, sexualidade, identidade nacional etc.",,objetiva,neutra
"No meio do material sobre os livros, Lowen encontra um manuscrito que descobre ser uma autobiografia da mulher.",,objetiva,neutra
O enredo mostra o conflito dos personagens entre os meios e os fins para solucionar o problema de superpopulação do planeta.,,objetiva,neutra
"Inferno remete claramente à obra Divina Comédia do artista Dante Alighieri e seus desdobramentos, onde a pessoa que comete pecados deve sofrer muito para ter a chance de chegar ao Paraíso.",,objetiva,neutra
O livro também aborda a superpopulação como um problema de saúde pública.,,objetiva,neutra
A capa contém tons acinzentados com a imagem de Dante e possui dois gráficos.,,objetiva,neutra
"O livro foi adaptado para o cinema, mas com alterações, como sempre.",,objetiva,neutra
"O conto se passa no interior de Minas, existindo farta nomeação de lugares e regiões.",,objetiva,neutra
"Cansados em razão de sua longa vida de trabalho no campo, os irmãos Matthew e Marilla Cuthbert pretendiam adotar um garoto que os ajudasse com os trabalhos braçais de sua fazenda em Green Gables, no Canadá.",,objetiva,neutra
"O Partido utiliza das seguintes ferramentas para controlar a população: a teletela, uma fusão de televisão, câmera e escuta para espionagem.",,objetiva,neutra
"Considerado um clássico da literatura infantojuvenil, o sucesso mundial de Anne de Green Gables inspirou diversas adaptações para televisão, teatro e cinemas.",,objetiva,neutra
"Vivendo em uma sociedade distópica, Winston, o herói da história, vive uma vida de medo e sofrimento.",,objetiva,neutra
"Tudo é controlado minuciosamente pelo partido e tudo é vigiado pelo grande irmão, que é o único salvador e pessoa chave da ideologia.",,objetiva,neutra
"Eles enfrentaram os mistérios mais sinistros dos últimos sessenta anos, sempre em busca da verdade.",,objetiva,neutra
"Os contos foram traduzidos das runas originais pela personagem Hermione, a partir do velho exemplar herdado por ela. São cinco histórias de fadas diferentes entre si. ",,objetiva,neutra
Após uma guerra nuclear poucos seres humanos permaneceram na Terra.,,objetiva,neutra
Boa parte da população agora vive em Marte junto a androides contruídos para trabalhar em grandes explorações espaciais.,,objetiva,neutra
Para suprir necessidades de afeto foram criadas versões mecânicas dos bichinhos de estimação.,,objetiva,neutra
"Deckard, entretanto, não tem condições financeiras para isso e por isso continua preso à Terra e se torna um caçador de androides.",,objetiva,neutra
"A primeira das histórias, “O bruxo e o caldeirão saltitante”, tem como protagonista o filho de um bruxo muito bom que, após a morte do pai, decide não ajudar os outros como o pai o fazia.",,objetiva,neutra
Bruno não suspeita que esse menino é judeu e está trancado naquele terreno com seu povo.,,objetiva,neutra
"Bruno não conta sobre o novo amigo para sua família e, à medida que os dias passam, a amizade secreta entre os dois cresce.",,objetiva,neutra
"Bruno observa por dias a cerca, e muitas perguntas se formam, ele não entende porque todos usam pijama listrado.",,objetiva,neutra
"Por conta do novo cargo do pai, a família acaba tendo que se mudar.",,objetiva,neutra
"A nova casa não agrada o menino; fica longe de Berlim e é um local muito isolado, repleto de soldados trabalhando.",,objetiva,neutra
"A narrativa é feita em terceira pessoa, porém pelos olhos de Bruno, por isso toda a simplicidade e inocência.",,objetiva,neutra
Ele confunde o nome do local de sua nova residência e entende de maneira errônea o título de Führer.,,objetiva,neutra
"“A fonte da sorte” mostra a busca de três bruxas e um cavaleiro por uma fonte, cuja água concede boa sorte a todos aqueles que nela se banharem.",,objetiva,neutra
"Norman é o racional, é quem limpa a sujeira e os protege das consequências dos atos da mãe.",,objetiva,neutra
"Quando ela está no meio da estrada a noite, começa um temporal e sua única opção é parar no motel mais próximo.",,objetiva,neutra
Matte e Liz Logelin foram namorados no colégio e começaram uma vida em Los Angeles após anos de namoro à distância.,,objetiva,neutra
"Chegando lá, ela não está e ele também não tem nenhuma notícia. Então Lily e Sam se juntam com um detetive particular e vão em busca de Mary.",,objetiva,neutra
"Norman Bates vive sozinho, tomando conta do Motel Bates numa estrada agora abandonada num local isolado.",,objetiva,neutra
"Dado o sumiço de Mary, o roubo é notado e muitas pessoas estão interessadas em encontrá-la.",,objetiva,neutra
"Um dia, Mary é encarregada pelo chefe de fazer um depósito no banco de uma grande quantidade de dinheiro.",,objetiva,neutra
"Vinte sete horas depois, Liz sofre uma embolia pulmonar e morre sem nunca poder segurar a filha nos braços.",,objetiva,neutra
"Bates se dedica apenas a cuidar do motel da família, onde sofreu uma grande queda de clientes desde que uma nova rodovia foi criada.",,objetiva,neutra
O livro conta a história de cinco homens que estão numa taverna bebendo e contando histórias.,,objetiva,neutra
"As cinco histórias possuem traços em comum, assim como os seus narradores.",,objetiva,neutra
"Ele se apaixona por uma espanhola chamada Ângela, que mata o próprio marido e a própria filha para ficar com Bertram.",,objetiva,neutra
"Os dois ficam juntos, mas depois de um tempo ela parte e ele vai para a Itália, viver aventuras no mar.",,objetiva,neutra
"A Viagem de Cilka é baseado na história real de Cilka Klein e na de tantas outras mulheres presas nos campos de concentração nazistas e, após o fim da Segunda Guerra Mundial, nos gulagui russos.",,objetiva,neutra
"A edição que li, tem 96 páginas e tem uma linguagem carregada do rebuscamento do período.",,objetiva,neutra
"Na narrativa é possível identificar a comparação entre campo e cidade, comum nas histórias do autor, assim como a relação entre a elite e a classe trabalhadora.",,objetiva,neutra
"É uma importante obra que marca a terceira fase de Queirós, mais pós-realista.",,objetiva,neutra
"Mas o núcleo da ação se desenvolve no final do século, sendo, portanto, contemporânea à publicação da obra.",,objetiva,neutra
"Ambos os personagens principais passam por muitas mudanças ao longo do enredo e tem suas ideologias/opiniões postas à prova e, por vezes, modificadas.",,objetiva,neutra
"O texto reforça que uma das maiores capacidades do ser humano, é a de poder estar errado, de errar, e depois, a de poder corrigir ou permanecer errado.",,objetiva,neutra
"Os leitores encontrarão muitos pontos em comum com religiões ou filosofias, especialmente orientais, se já tiverem tido contato.",,objetiva,neutra
"Tem capa dura, as laterias das folhas em vermelho, folhas amareladas, notas sobre as fontes, curiosidades e muitas imagens.",,objetiva,neutra
"Um livro com muitas curiosidades sobre a morte, e como ela ""vira pó"" para aquele que são cremados.",,objetiva,neutra
"Os pitiguaras, que vivem na costa cearense, são inimigos naturais dos tabajaras, que vivem mais para o interior.",,objetiva,neutra
O livro trata da relação entre as novidades e modas das grandes cidades (no livro representadas por Paris) e os prazeres simples da vida no campo (as serras de Portugal).,,objetiva,neutra
"O conto de Aia foi escrito pela canadense Margaret Atwood em 1985, mas voltou a ser um dos mais vendidos devido a série The Handmaid's Tale, que foi baseada no livro.",,objetiva,neutra
"As mudanças são bruscas e as mulheres são as mais prejudicadas pois perderam os direitos de trabalhar, de serem alfabetizadas, de votar e praticamente de serem livres.",,objetiva,neutra
"E a última casta é a das Aias, que são mulheres de vermelho, em idade fértil, usadas exclusivamente para procriar. Isso porque devido a questões desconhecidas, muitas pessoas se tornaram inférteis.",,objetiva,neutra
"Numa época em que o homem só dispunha do céu e das estrelas para se orientar, o Sextante era uma ferramenta fundamental para se atingir o destino desejado. Observando através do Sextante, o navegador se norteava, medindo a distância entre os astros e o horizonte.",,objetiva,neutra
"E as mulheres que têm mais chances de engravidar são obrigadas a terem relações sexuais com os comandantes e quando dão a luz, são obrigadas a deixarem seus filhos.",,objetiva,neutra
"A história é narrada através de uma Aia, que conta desde sua vida antes do golpe, quando ainda vivia com seu marido e filha, sobre o tempo que passou no Centro Vermelho, onde foi treinada para a vida de Aia.",,objetiva,neutra
"Por meio de descrições detalhadas das feridas e de suas respectivas máscaras, Lise Bourbeau mostra como elas podem se refletir em nossa personalidade e até mesmo no formato do nosso corpo.",,objetiva,neutra
"Se trata de uma distopia, um futuro não muito distante, onde tudo muda da noite pro dia e as mulheres são as principais vítimas.",,objetiva,neutra
"Offred um dia foi casada com Luke, com quem teve uma filha, Hanna – os quais ela não faz ideia se estão vivos ou não.",,objetiva,neutra
A região de Gilead é tomada por uma ditadura patriarcal fortemente fomentada por um aparato cristão distorcido,,objetiva,neutra
"Regida por versões exageradas e distorcidas do Velho Testamento, a sociedade está agora dividia em castas masculinas e femininas.",,objetiva,neutra
"Em 1985 o autor apresenta a vida ""atual"" dos antigos amigos do grupo de Bill Denbrough, chamado Clube dos Otários.",,objetiva,neutra
Zobrist um gênio cientista a frente do seu tempo cria um vírus que promete acabar com a superpopulação da Terra que em breve irá entrar em colapso.,,objetiva,neutra
A leitura era realizada nos intervalos do trabalho e atividades diárias fora de casa.,,objetiva,neutra
Mais uma vez Robert Langdon se viu na iminência de ter que resolver enigmas e mensagens para ajudar a encontrar algo que poderia afetar toda a humanidade.,,objetiva,neutra
"A história começa com o renomado professor universitário de simbologia da Harvard, Robert Langdon acordando dentro do hospital, um pouco desorientado e com um ferimento na cabeça causado por um tiro de raspão na parte de trás da nuca.",,objetiva,neutra
"Ao sentar na cama e observar pela janela do quarto, Robert percebeu que não estava em Massachusetts e sim, em Florença.",,objetiva,neutra
"Não lembrança de nada das últimas trinta e seis horas, não tem a menor idéia de como saiu dos Estados Unidos e chegou até a Itália e porque estava numa cama de hospital.",,objetiva,neutra
Ferido e sem saber o que fazer Robert consegue fugir do hospital com ajuda da Dra. Brooks.,,objetiva,neutra
Esse objeto era tão importante que associava Robert ao trabalho de um cientista brilhante que afirmava que a humanidade estava em risco devido ao crescimento celerado da população.,,objetiva,neutra
"A teoria do cientista é extremamente radical, condenando a Organização Mundial da Saúde e os governantes mundiais, por estarem ignorando o alerta que a natureza está mostrando e a super população mundial consumindo mais do que o normal.",,objetiva,neutra
A hora e vez de Augusto Matraga aponta para a tendência criada por Guimarães Rosa do regionalismo universalizante.,,objetiva,neutra
"O tempo da narrativa está mais voltado ao psicológico, ou seja, indeterminado.",,objetiva,neutra
"O espaço Minas Gerais, mais especificamente o Norte de Minas, destacando-se nomes de vilarejos e lugares do sertão.",,objetiva,neutra
"Fugindo da seca, vivem da exploração da terra e da exploração do patrão.",,objetiva,neutra
"Diante das dificuldades da vida, o simples fato de não saber ler e nem contar, impõem o jugo da impotência.",,objetiva,neutra
"Os personagens como Sinha Vitória(mãe), Fabiano(pai), Menino mais velho, Menino mais novo (filhos) e a Baleia (cachorra) são uma família que vivem na seca do Nordeste",,objetiva,neutra
"O Dr. Van Der Kolk mostra como o trauma reformula o funcionamento do corpo e do cérebro, comprometendo a capacidade das vítimas de ter prazer, de criar laços saudáveis, confiar nos outros e se sentirem seguras.",,objetiva,neutra
"O futuro da humanidade conta a aventura de Marco Polo – o principal personagem dos romances de Augusto Cury –, quando ainda era um jovem estudante de medicina.",,objetiva,neutra
"Em Vidas Secas, o autor mostra a família de Fabiano migrando pela necessidade de sobrevivência, saindo de sua casa antes do dia amanhecer, fugindo das dívidas, da seca e da miséria.",,objetiva,neutra
A falta de instrução das pessoas e a dificuldade que enfrentam ao se relacionar até mesmo uns com os outros pela falta de vocabulário faz o livro ter diálogos curtos e simples.,,objetiva,neutra
"1984 apresenta uma distopia onde o mundo fora dividido em 3 grandes estados: a Oceania, a Lestasia e a Eurasia.",,objetiva,neutra
"O Partido é o governo de Oceania e partilha dos seguintes lemas: ""Guerra é paz, Liberdade é escravidão e Ignorância é forca"".",,objetiva,neutra
"Em meio a fatos históricos ocultos e extremismo religioso, Robert e Ambra precisam escapar de um inimigo com poder que parece emanar do Palácio Real da Espanha.",,objetiva,neutra
"O Duplipensamento, um método responsável pelo autoconvencimento de que seu raciocínio esta errado e o que vale é a diretriz imposta pelo partido.",,objetiva,neutra
"Numa pequena cidade da Flórida, o advogado Keith Russo é morto a tiros em seu escritório. O assassino não deixa pistas e não há testemunhas, mas a polícia logo suspeita de Quincy Miller, um jovem negro que já foi cliente de Keith.",,objetiva,neutra
"Guerra constante, falta de liberdade, onde pensar é crime, controle da mente, alteração do passado, incitação ao ódio etc.",,objetiva,neutra
"Em “1984” o passado é alterado e destruído constantemente, todos os meios de registros como: livros, quadros, estátuas, ruas, edifícios, músicas, fotografias e invenções",,objetiva,neutra
"Os escritores românticos, tanto da prosa quanto da poesia, assimilaram os ideais nacionalistas do romantismo europeu e os adaptaram as condições peculiares de nossa realidade.",,objetiva,neutra
"Certa noite, num supermercado de um bairro rico, Emira Tucker, uma jovem negra que trabalha como babá, é abordada por um segurança que a acusa de ter sequestrado Briar, a garotinha branca que está com ela. ",,objetiva,neutra
Martim é um guerreiro português que vive entre a tribo Pitiguara e tem a missão de fiscalizar a costa cearense contra as invasões estrangeiras.,,objetiva,neutra
"Cilka Klein tinha apenas dezesseis anos quando foi levada ao campo de concentração e extermínio de Auschwitz-Birkenau, em 1942.",,objetiva,neutra
" Pela proximidade de sua relação com o alto comando nazista, o exército russo classifica Cilka como “colaboradora”, e a ainda jovem é levada para uma brutal prisão soviética na Sibéria.",,objetiva,neutra
"Barry cai morto no chão, e sua morte é diagnosticada por aneurisma cerebral.",,objetiva,neutra
"Isso desencadeia uma série de problemas para o vilarejo de Pagford, pois com a morte de Barry, há uma vaga de conselheiro em aberto.",,objetiva,neutra
"É realmente uma estória sobre como são os seres humanos, como eles vivem em sociedade, e com suas famílias.",,objetiva,neutra
"O livro aborta muitos assuntos, dentre eles tem traição, violência, estupro, uso de drogas, depressão entre outros.",,objetiva,neutra
"É uma história adulta, contém palavrões, traição, drogas, estupro, violência doméstica além do cunho político que permeia a trama.",,objetiva,neutra
"No natal minha mãe me deu o livro em português, mas ainda estava lendo outro, assim que acabei eu peguei pra ler.",,objetiva,neutra
São três Marias que se conhecem no internato e vivem a transição da adolescência para fase adulta juntas.,,objetiva,neutra
"A beatitude de Maria José é resultado de uma vida difícil ao lado da mãe e irmãos, uma família destroçada pela inconsequência do pai e pela presença de uma amante.",,objetiva,neutra
"Maria da Glória é fruto da ausência familiar em decorrência da morte. Sem pai e mãe, procurou um casamento para formar sua família.",,objetiva,neutra
"Raquel Queiroz foi a primeira mulher a ocupar uma cadeira na Academia Brasileira de Letras, apenas em 1977",,objetiva,neutra
"A história de As Três Marias se passa, em grande parte, na cidade de Fortaleza, no Ceará, terra natal da escritora Rachel de Queiroz.",,objetiva,neutra
Vic e Melinda estão longe de ser um casal feliz ― seu casamento é mantido por um acordo nada convencional: Melinda pode ter quantos amantes quiser contanto que não arraste os dois e a filha para o caos de um divórcio.,,objetiva,neutra
O primeiro contato que tive com Rachel foi com a leitura de O Memorial de Maria Moura (há mais de quinze anos).,,objetiva,neutra
"Rachel de Queiroz foi a primeira mulher a ganhar o Prêmio Camões, em suas obras ela busca retratar a realidade social do povo nordestino, dando sempre ênfase as papel da mulher na sociedade.",,objetiva,neutra
"O tempo passa, o período no internato acaba e cada uma segue seu rumo, mas sempre próximas.",,objetiva,neutra
"Glória se casa e tem um filho, Maria José vai morar com a mãe e com os irmãos, leva uma vida mais regrada, voltada para a religião e se torna professora.",,objetiva,neutra
"Triste com os acontecimentos recentes, Guta passa as férias no Rio de Janeiro, conhece Isaac e se envolve com ele, tendo sua primeira noite de amor.",,objetiva,neutra
"Tudo parece bem, mas, com o passar do tempo, Vic começa a se incomodar com os homens escolhidos pela esposa e adota uma estratégia inusitada para afugentá-los, assumindo a autoria do assassinato de um deles.",,objetiva,neutra
"O início do livro traz um texto do Fábio Fernandes (tradutor) explicando ao leitor os motivos de terem usado determinados termos na tradução, e tentando deixar claro quão complexo as gírias são. ",,objetiva,neutra
"Quando Anthony Burgess escreveu essa obra, junto confeccionou um vasto vocabulário de gírias a serem usados pelos jovens na sua história.",,objetiva,neutra
"Kubrick, ao dirigir a obra para o cinema, baseou-se na edição norte-americana.",,objetiva,neutra
"O livro aborda diversos temas sociais, porém o racismo é o foco principal.",,objetiva,neutra
"Harper Lee aborda temas muito polêmicos, como o racismo e o Bullying, pelos olhos inocentes de uma criança de 7 anos. ",,objetiva,neutra
"O livro é contado pela voz de Jean Louise (Scout), alterando com um segundo narrador.",,objetiva,neutra
"A história criada por Harper Lee se passa em 1935, pouco após a Grande Depressão, uma época em que a discriminação racial era vista como algo perfeitamente normal.",,objetiva,neutra
O livro narra inicialmente a saga de João Romão rumo ao enriquecimento,,objetiva,neutra
" Para acumular capital, João Romão explora os empregados e se utiliza até do furto para conseguir atingir seus objetivos.",,objetiva,neutra
"Opera-se uma transformação no português trabalhador, que muda todos os seus hábitos",,objetiva,neutra
"o livro fala sobre conflitos que acontece em um cortiço.o cortiço é de João romão, que na base da exploração alheia enriquece",,objetiva,neutra
" Nele, o autor descreve as características da realidade de pessoas que fazem parte da camada mais humilde da sociedade: lavadeiras, imigrantes, prostitutas, pedreiros, etc.",,objetiva,neutra
Depois que o cortiço sofre um incêndio é reconstruído como uma vila,,objetiva,neutra
"fiel ao movimento naturalista, os instintos dos personagens se sobrepõem à razão individual e o homem torna-se fruto do meio onde vive ? fator que abala a integridade de qualquer um que no local habite.",,objetiva,neutra
Íris está se formando em Marketing Esportivo. Cheia de sonhos está pronta para lutar por seu lugar no mundo.,,objetiva,neutra
"Jason está a caminho da casa de Helena, quer resolver todas as pontas soltas do seu passado.",,objetiva,neutra
"Tudo levava a crer que a vida voltaria ao normal quando o verdadeiro assassino é descoberto, mas a revelação da mentira de Vic é o estopim de uma reviravolta nas convicções do próprio e nas relações que mantém com a comunidade, com os amigos e com Melinda e seus vários amantes. ",,objetiva,neutra
"Ele se desculpa e ela vai para casa, chegando em casa, descobre que o mesmo cara que esbarrou, está aguardando sua vizinha Helena.",,objetiva,neutra
"Colateral é o segundo volume da série dos Irmãos Willers, da autora Andt Collins, lançado pela The Gift Box Editora.",,objetiva,neutra
"Jason é o irmão mais novo, porém, sempre agiu como o mais velho por ser o responsável por gerenciar a carreira do irmão boxeador.",,objetiva,neutra
"Seu pai sequestrou a mãe dela, quando ela ainda era uma adolescente, e dois anos depois Helena nasceu e cresceu, isolada com os pais em um pântano",,objetiva,neutra
"Dois anos depois que mãe e filha foram resgatadas, Jacob foi preso e condenado e isso já faz treze anos.",,objetiva,neutra
Ela faz geleias e compotas para vender. Mas Helena nunca contou a verdade sobre seu pai para Stephen,,objetiva,neutra
"Como a narrativa mostra as lembranças da personagem principal aqui no presente, o livro praticamente não tem diálogos.",,objetiva,neutra
O livro tem poucos personagens. É basicamente Helena como a principal e seus pais como coadjuvantes.,,objetiva,neutra
"Uma muralha mágica então separa as espécies. Do lado feérico, mistério; do humano, apenas medo, desconfiança e dificuldade.",,objetiva,neutra
"Em uma cidadezinha costeira do estado americano do Maine, Evvie Drake raramente sai de sua casa, mesmo um ano após a morte do marido. ",,objetiva,neutra
"Uma caçada se inicia, e se Helena quiser proteger a si mesma e sua família ela terá que capturar seu pai, ou até mesmo matá-lo.",,objetiva,neutra
"Tudo começa quando Michael Berrett apresenta a Shirley Harrison um manuscrito com mais de 60 páginas contendo relatos que foram assinados por um dos mais famosos serial killers de todos os tempos: Jack, o Estripador.",,objetiva,neutra
"Maior parte do livro conta como a escritora conseguiu as informações do possível livro do Jack, a busca para decifrar se era real ou não, no final acaba que não se tem certeza.",,objetiva,neutra
"Jack matava apenas prostitutas. Ele as estrangulava, esfaqueava e mutilava, em ataques cada vez mais brutais.",,objetiva,neutra
"Como a única evidência contra Florie era seu adultério, ela foi libertada após 15 anos de prisão",,objetiva,neutra
James Maybrick vivia em Liverpool e trabalhava com o comércio de algodão. ,,objetiva,neutra
"O livro que inspirou o musical da Broadway sobre o personagem que estabeleceu os fundamentos da economia americana Inspiração para o musical de sucesso da Broadway, Alexander Hamilton é a primeira biografia completa de Hamilton em décadas.",,objetiva,neutra
O diário relata que Maybrick descobrira que a esposa estava se envolvendo com um amigo de família e que isso pode ter ocasionado sua raiva mais a punição.,,objetiva,neutra
"Falso ou não, o diário trás certa compatibilidade envolvendo todas as cinco vítimas confirmadas do Estripador",,objetiva,neutra
 É uma das vítimas que desperta maior curiosidade das pessoas; não sobrou nada da menina.,,objetiva,neutra
"Num mundo sem futuro ou esperança, Feyre, filha caçula de um mercador humano falido, se torna caçadora para sustentar a família.",,objetiva,neutra
"Após essas 300 páginas, temos o diário traduzido na íntegra, acompanhado de imagens da caligrafia e língua original.",,objetiva,neutra
"Depois que ele e sua esposa são assassinados, Ray Garrison é ressuscitado pela equipe de cientistas da Rising Spirit Technologies. ",,objetiva,neutra
"O tema ""Jack, O Estripador"" é um dos que mais chama atenção pela notoriedade do assassino, um criminoso brutal que nunca teve sua identidade revelada e pagou por seus crimes. ",,objetiva,neutra
"Foi um serial killer que agiu no distrito de Whitechapel em Londres no ano de 1888. Assassinou e mutilou cinco mulheres, ditas prostitutas.",,objetiva,neutra
Foi o primeiro serial killer a ganhar notoriedade na imprensa mundial e até hoje levanta teorias sobre sua verdadeira identidade.,,objetiva,neutra
"Autor premiado, Ron Chernow conta a história de um homem que superou inúmeros obstáculos para moldar, inspirar e escandalizar os Estados Unidos recém-constituídos.",,objetiva,neutra
"Desde o conhecimento da mídia sobre o diário até hoje, Shirley Harrison sofre duras críticas e acusações, sendo taxada de falsificadora, ou ao menos de ter participado da construção do escrito.",,objetiva,neutra
"O livro não é ruim, mas Jorge Amado parece subestimar a inteligência de o leitor a o fazer de uma história interessante um panfleto político.",,subjetiva,negativa
"Não é bem uma resenha, mais um aviso para não darem Capitães da Areia para uma criança de 14 anos ler.",,subjetiva,negativa
"Em função de a idade, eu detestei. ",,subjetiva,negativa
"História clichê, recheada de coisas impossíveis até em o mundo de o maravilhoso, escrita péssima, personagens mal-construídos e alienados. ",,subjetiva,negativa
"Personagens secundários que não se desenvolvem nunca, metáforas cansativas e totalmente sem nexo. ",,subjetiva,negativa
"Intenso, romantico, inesperado, brilhante, apaixonante, sexy!",,subjetiva,positiva
Acho que este livro não merece nem mesmo uma estrela.,,subjetiva,negativa
"Fui até a metade, mas não consegui prosseguir ... Achei muito parado. ",,subjetiva,negativa
"Embora o livro seja legal, não gosto de a literatura de a Thalita Rebouças, acho que os livros de ela deveriam ser menos engraçados e mais interessantes, pois um livro tem que te prender, aí que é bom mesmo.",,subjetiva,negativa
" Esteticamente lindo, como sempre a editora Darkside capricha em suas publicações, mas como leitura mesmo, que é o que vale, achei decepcionante.",,subjetiva,negativa
"O começo do livro foi bom, não vou mentir, talvez as primeiras 80/90 páginas tenham sido legais, mas depois ele começa a enrolar muito, com vários capítulos só pra encher linguiça.",,subjetiva,negativa
"Meu livro chegou amassado, rasgado e a única coisa que eu consegui foi um desconto de 20%. É muito ruim esse descaso com esse tipo de mercadoria.",,subjetiva,negativa
"É muito longo e muito chato. Descrições extensas, algumas bem desnecessárias e tudo termina muito magicamente.",,subjetiva,negativa
"No entanto, é na história que a obra peca. Primeiramente, nos diversos clichês. Talvez tenha sido a intenção do autor, mas, para mim, não foi possível absorver as ideias com um mínimo de naturalidade.",,subjetiva,negativa
"Os momentos são, sim, bem imprevisíveis, temos umas sacadas bem interessantes, mas o sentimentalismo enfiado não cai legal.",,subjetiva,negativa
"O meu único problema com este livro é seu final, me decepcionou um pouco, não esperava um final tão rápido e simples, e por não ter trabalhado mais o filho mais velho do personagem principal, acho que poderia ficar mais impactante o final, se o autor tivesse dado um destaque para este personagem.",,subjetiva,negativa
"Faltou tato na escrita. Não é criado qualquer vínculo entre leitor e personagens, tornando o livro só uma série de relatos com pessoas as quais o leitor não teve tempo de se importar. Acredito que assuste só os mais sensíveis.",,subjetiva,negativa
"Pois bem, achei as histórias extremamente fantasiosas e forçadas. Ed e Lorraine tentam a todo custo empurrar suas ""verdades"" goela abaixo.",,subjetiva,negativa
"Infelizmente, se você vai investir mais num livro ou simplesmente tem apreço pelo que compra, talvez esse não seja o melhor estabelecimento.",,subjetiva,negativa
"Não gostei principalmente da narrativa do livro e como a historia se desenrola, apesar de reconhecer que o livro é bem escrito e que na minha visão o autor provavelmente pensou o livro e o executou com maestria exatamente da maneira que foi idealizado .",,subjetiva,negativa
"O livro tinha tudo para ser maravilhoso. Mas chegou na metade do livro, parecia que o Stephen King estava com preguiça de continuar e fez de qualquer jeito.",,subjetiva,negativa
"Eu sinceramente não consigo levar nada desse livro pra minha vida. Apesar do livro ser enorme é pra mim totalmente descartável e esquecível. O que foi digamos ""bom"" é eu ter saido da zona de conforto e ter conhecido a escrita do King.",,subjetiva,negativa
"Achei uma leitura difícil, sei que se trata de um clássico, mas a linguagem própria criada pelo autor faz com que a leitura fique arrastada até nos adaptarmos com a linguagem.",,subjetiva,negativa
"Apesar de tudo, não achei o livro tão bom como tanto falam, minha expectativa foi muito maior e não é um livro tão incrível assim.",,subjetiva,negativa
"O livro é idiota, repetitivo, cansativo e irritante, tanto quanto seu narrador.",,subjetiva,negativa
"Nao há de se negar que o livro é estilisticamente inovador para a época, porém a história não tem nada de interessante, fazendo com que a leigura desse romance se tornasse uma tortura.",,subjetiva,negativa
"A história teve um desfecho muito rápido, como já era de se esperar pelo número reduzido de páginas do livro, e mesmo tendo sido meio clichê em alguns pontos",,subjetiva,negativa
"Os dois primeiros livros valem a leitura, depois disso a autora entrou num redemoinho de repetições. Desde as primeiras páginas já dava para saber quem seria o vilão de verdade, já que o padrão se repete nos outros livros.",,subjetiva,negativa
"A meu ver, a autora se perdeu em algum momento, tornando tudo meio parado e enfadonho, só voltando a ter mais ação mais para o final, que se resolveu muito rápido e até meio sem sentido.",,subjetiva,negativa
Em vez da autora aprofundar ainda mais no romance ou desenrolar a história desde o início do livro ela optou por um final onde tudo ocorre ao mesmo tempo e algumas coisas não são bem explicadas.,,subjetiva,negativa
"Acho que pelo andar da toda a história, a autora podia ter explorado um pouco mais determinados assuntos... simplesmente o final ficou muito resumido, como se ela quisesse acabar logo com a história.",,subjetiva,negativa
"Entendo a crítica social e tal. Mas a história é muito entendiante não acontece nada muito interessante na história e, para piorar a escrita do autor é muito maçante.",,subjetiva,negativa
"Não desmerecendo o livro, foi o que menos gostei da coleção dos Karas. A leitura é fácil, tem ação e aventura, mas nada dele me chamou a atenção em especial.",,subjetiva,negativa
Só senti falta de um final para alguns personagens.,,subjetiva,negativa
"Enfim, a autora, que na minha visão tinha a intenção de comover com sua historinha, não alcança o objetivo e nos deixa apenas com mais um livro superficial, com um incrível potencial que não soube ser aproveitado.",,subjetiva,negativa
"Gostei menos do que achei que ia gostar quando comecei a leitura, senti falta de saber mais sobre a historia da Mãe, sobre os sentimentos dela",,subjetiva,negativa
"A vida fora do quarto parece mais do mesmo, acho que poderia ser mais resumido ou objetivo e não ser metade do livro.",,subjetiva,negativa
"Achei MUITO fraco. Sei que muitos idolatram a obra, porém na minha opinião, a história é EXTREMAMENTE cansativa e o final, aquém do que eu esperava.",,subjetiva,negativa
"Não achei o livro tudo isso, e talvez no futuro eu possa dar outra chance a ele.",,subjetiva,negativa
"Resolvi ler esse livro após muitas indicações porém, infelizmente, foi uma leitura que considero nada empolgante, enfadonha, resumindo, detestei.",,subjetiva,negativa
Não consegui ver nessa obra aquela história magnífica que muitos rendem inúmeros elogios.,,subjetiva,negativa
"Infelizmente é isso que acontece quando as pessoas abandonam sua originalidade e tentam imitar seus ídolos, como Stephen King. ",,subjetiva,negativa
"Não parece haver nenhuma preocupação estética, não há beleza, não há estilo; o livro tenta te “pegar” unicamente pelo suspense (infelizmente uma coisa comum nos best sellers atuais).",,subjetiva,negativa
"Achei que ou o autor se preocupou apenas em narrar a história ou eu, realmente, não peguei a essência do livro.",,subjetiva,negativa
"Li ""o velho e o mar"" e gostei muito. Iria ler ""Por quem os sinos dobram"", mas depois desse sol, quero distância de Hemingway.",,subjetiva,negativa
"O que é ruim é o fato da história ser escrita em português de Portugal, o que às vezes atrapalha, pois podemos deixar de entender o contexto de algum diálogo.",,subjetiva,negativa
"Vocabulário complicado e história desinteressante, pelo menos pra mim",,subjetiva,negativa
"Só li por causa do colégio, muito sem sal.",,subjetiva,negativa
"Fiquei descepcionada com o livro - Esperava mais, muito mais.",,subjetiva,negativa
"Esperava algo mais policial e sangrento, mas o que tive foram vários episódios de romance deslavado ou de certo modo clichê.",,subjetiva,negativa
"O enredo foi muito previsível ,o que tirou minha vontade de ler o próximo livro.",,subjetiva,negativa
"Sou fã de Tess Gerritsen, mas não gostei desse livro, que nem parece ter sido escrito por ela.",,subjetiva,negativa
O tom do livro é tão meloso que chega a ser cafona.,,subjetiva,negativa
Acho que criei tanta expectativa nesse livro por causa da hype que todas as booktubers estava fazendo que no final fiquei meio decepcionada.,,subjetiva,negativa
"Eu estava com uma super expectativa para lê-lo, porém que livro chato e repetitivo, a introdução é imensa, não consegui nem ler o segundo capítulo.",,subjetiva,negativa
"É um romance perturbador e abusivo, é um homem doente que precisa ir num psiquiatra",,subjetiva,negativa
A impressão que dava é que a autora precisava inserir narrativas tórridas a qualquer custo.,,subjetiva,negativa
"Infelizmente abandonei a leitura, pois a escrita era muito pobre, ruim e repetitiva.",,subjetiva,negativa
" Não tem muito o que falar desse livro, só digo que nunca li algo tão chato e, sem criatividade.",,subjetiva,negativa
Não recomendo esse livro!,,subjetiva,negativa
Tudo aqui é exagero demais e esse foi o ponto negativo.,,subjetiva,negativa
"Não sei, esse não me desce, regular.",,subjetiva,negativa
Sem dúvida um dos piores livros que já li.,,subjetiva,negativa
"E horrivel simplesmente, nao dar pra chamar de escritor esse autor.",,subjetiva,negativa
"Repetitivo e cansativo, esconde a lição de que devemos acordar cedo por trás da leitura só que mais parece uma grande propaganda do próprio livro.",,subjetiva,negativa
Esperava muito mais profundidade sobre o tema,,subjetiva,negativa
Autoajuda da pior qualidade: antiquada e rasa.,,subjetiva,negativa
Insuportável!,,subjetiva,negativa
"Não gostei do livro , muita propaganda e pouco conteúdo",,subjetiva,negativa
"As páginas vieram enrugadas!! Parece até que molhou e secou, embora tenha chegado plastificado. Horrível",,subjetiva,negativa
"o livro é mais uma auto promoção do autor, fala muito dele, os exercicios não vem no livro, enrola demais pra chegar no assunto não goste",,subjetiva,negativa
São poucas as páginas com conteúdo de verdade.,,subjetiva,negativa
"A linguagem na minha opinião passa o coloquial e fica adolescente em vários momentos, com piadas sem graça.",,subjetiva,negativa
Decepção ao ler esse livro. Trata-se muito mais de uma autobiografia do que um livro de finanças pessoais.,,subjetiva,negativa
"O livro é bobo ao extremo, cheio de piadinhas forçadas sem graça e sem necessidade. ",,subjetiva,negativa
"Completamente bobo, mal escrito, sem conteúdo.",,subjetiva,negativa
Comprei como presente para uma amiga que simplesmente detestou,,subjetiva,negativa
Achei um livro bastante cansativo e aborrecido.,,subjetiva,negativa
Diagramação muito apertada não dá pra ler,,subjetiva,negativa
"Historinha pra criança, e muito mal contada, por sinal...",,subjetiva,negativa
"O defeito não aparece nas primeiras páginas, mas depois fica impossível de ler",,subjetiva,negativa
"Lombada desgastada na estremidade superior e inferior, páginas com orelhas com um corte, como se fosse erro da editora.",,subjetiva,negativa
Livro muito sem graça. Achei que tinha romance mas pra mim é só um livro de politica.,,subjetiva,negativa
Aquele vocabulário é um tédio... Não consegui terminar a leitura.,,subjetiva,negativa
Não terminei de ler por que a história não estava me agradando e a linguagem criada para o livro confunde muito. ,,subjetiva,negativa
"De resto, é um livro mediano. Interessante para quem gosta do assunto, porém não espere nada muito profundo.",,subjetiva,negativa
"Apesar de ser um livro curto, ele é cansativo, então empaquei algumas vezes e demorei dias para terminá-lo. O a leitura foi um pouco enrolada e sofrida.",,subjetiva,negativa
"Particularmente, como fã do autor, não achei essa a sua melhor história, mas tem todos os méritos e com certeza deixa sua marca.",,subjetiva,positiva
"Não estava esperando um livro assim tão teórico, o conteúdo é diferente do que eu tinha imaginado. Não é ruim, só não foi o ideal para mim.",,subjetiva,negativa
"Apesar do tema pesado, o autor consegue transmitir ao leitor toda essa desgraça de uma forma anestesiada, algo que justifica o título da obra: Terra sonâmbula.",,subjetiva,positiva
"Uma boa pedida para quem curte crônicas curtas, que tratam de coisas do cotidiano com bom humor, inteligência e deixa um gostinho de ""quero mais"".",,subjetiva,positiva
"Um ótimo livro, além de ser um alerta para uma potencial distopia; em contraponto, a utopia tão sonhada dos homens do medievo e início da modernidade.",,subjetiva,positiva
"De qualquer forma, mesmo com estes poréns, a leitura vale a pena.",,subjetiva,positiva
"Eu adorei esse livro quando li, foi um conselho de um garoto que é escritor eu conheci em a internet, foi ótimo. ",,subjetiva,positiva
O legado de a obra incide em a majestosa visão humana que nos é transferida.,,subjetiva,positiva
"Um livro comovente, sensual e intrigante. ",,subjetiva,positiva
O mais bonito de o livro está em a percepção de que não há maniqueísmo em os personagens.,,subjetiva,positiva
História intrigante que prende a atenção e surpreende a cada página.,,subjetiva,positiva
"A heroína acaba conquistando a simpatia de o leitor, que torce por ela de o começo a o fim.",,subjetiva,positiva
Em a minha opinião é o melhor livro de Sidney Sheldon.,,subjetiva,positiva
"Aquele livro que todas as mulheres deveria ler. Aprendendo com a Clarissa em cada página. A importância da mulher, no mundo.",,subjetiva,positiva
"Obra de surpreendente clareza e inteligência, V de Vingança traz inigualável profundidade de caracterizações e verossimilhança, em um audacioso conto de opressão e resistência.",,subjetiva,positiva
"O livro traz histórias, mitos, que refletem a condição da mulher em diversas situações da vida. É muito interessante a análise que a autora faz de cada história, das personagens, mas as histórias em si são interessantes e induzem quem as lê a fazer sua própria análise, do mito e de como ele se encaixa na sua vida. Muito bom!",,subjetiva,positiva
Impossível não gostar.,,subjetiva,positiva
"O livro tem uma ótima linguagem e aborda temas que nos levam a uma reflexão, sobre o nosso comportamento em uma sociedade cada vez mais hipócrita em que a ética e os bons costumes estão cada vez mais sendo esquecidos. ",,subjetiva,positiva
"Não é a melhor obra de o grande Sidney Sheldon, mas recomendo, uma boa leitura pra passar o tempo.",,subjetiva,positiva
"Acho que o leitor (uso meu exemplo) se realiza através de Tracy, imaginando como faria para se vingar de um mundo injusto e ganhar com isso.",,subjetiva,positiva
"O melhor de tudo, é que a protagonista conta suas histórias de forma divertida, irônica algumas vezes, revoltada com os micos que sua mãe lhe fez pagar em outras, mas acima de tudo mostra como essa relação de mãe-e-filha, apesar de difícil, deve ser bem cuidada",,subjetiva,positiva
"Queria que terminasse logo, gostei mais de a mãe de ela durante uma boa parte de o livro.",,subjetiva,positiva
"A escrita de Doyle é bem detalhada e cheia de nuances e sutilezas estilísticas que tornam a leitura um pouco exigente às vezes, contudo, o mistério que circunda o caso não nos deixa parar de ler até sua conclusão",,subjetiva,positiva
"Ele é muito bem escrito e as descrições são detalhadas mas não são cansativas, construindo com destreza o cenário e sentimentos necessários para viver a historia.",,subjetiva,positiva
"Correndo o risco de ser interpretada equivocadamente como defensora da obra, quero acrescentar que O Código Da Vinci foi um dos mais bem estruturados mistérios de ficção que já li.",,subjetiva,positiva
O que mais me agradou em Terra Sonâmbula com certeza foi a linguagem poética que Mia Couto utilizou para escrever histórias em meio a guerra civil de Moçambique. Posso dizer que esse livro é imensamente bonito e imensuravelmente triste.,,subjetiva,positiva
Mia Couto consegue através de sua rica e fantasiosa maneira de escrever nos transportar para um universo repleto de contos e crenças da cultura africana ao passo em que desenrola uma história cativante e que nos traz reflexões e ideias a cada nuance .,,subjetiva,positiva
"A leitura é rápida, poucos balões mas muitas expressões as pouco mais de 200 páginas passam voando mesmo ficando tempos em tempos admirando as artes que são belissimas.",,subjetiva,positiva
"Uma forma bonita de passar uma boa lição, onde não se consegue fugir de algumas coisas na vida. Esse quadrinho mostra isso de forma ousada, discreta e bastante impactante, com pontos sutis dentro da história.",,subjetiva,positiva
"Ao ouvir que ""O cortiço"" de Aluísio Azevedo é a maior representante no naturalismo brasileiro, não duvide. Excelente leitura, atraente, chocante a cada capítulo.",,subjetiva,positiva
"Em suma, A Tormenta de Espadas é o livro mais cheio de ação da série até agora, embora traga algumas decepções pelo caminho. Vale a pena ler!",,subjetiva,positiva
"É o melhor livro da saga, cheio de plot twists e momentos inesperados que te fazem ficar de boca aberta, ainda mais se você não viu a série.",,subjetiva,positiva
"O título não me atraiu de imediato, então abandonei o livro por um mês. Então, certo dia, resolvi lê-lo. O livro me prendeu de um jeito que não consegui largá-lo até terminar a leitura numa tarde de sábado",,subjetiva,positiva
"Para que nunca leu um livro, esse é bom, para começar a se apaixonar pelo prazer de ler, pois não são muitas páginas a história se passa rápida e leitura envolve o leitor de uma forma incrível, a sem esquecer que é um romacinho policial.",,subjetiva,positiva
"O primeiro livro que li na vida que não fosse história em quadrinhos ou ilustrado. Fez brotar a alma de leitora cuja semente esteve sempre aqui, e perdi a conta de quantas vezes reli desde então.",,subjetiva,positiva
Meu primeiro livro e foi uma experiência incrível! Esse livro deixou uma marca na minha alma!,,subjetiva,positiva
"A grande força do texto, sem dúvida, está na linguagem que é expressiva e original, repleta de neologismos muito inteligentes.",,subjetiva,positiva
"É interessante como tudo é bem escrito e explicado. Como os fatos são expostos e o material do livro é rico, para curiosos e para quem deseja ir mais a fundo na história dos demonologistas.",,subjetiva,positiva
"Vox é uma distopia que nos tira completamente da zona de conforto e dá aquela chacoalhada em nossa mentes, deixando o leitor completamente chocado a cada capítulo.",,subjetiva,positiva
"Esse é um grande livro, uma grande história, com grandes personagens, onde tudo pra mim funcionou de uma maneira surpreendentemente bem. Gostei, gostei muito, e indico a todos!",,subjetiva,positiva
"O desfecho da trama é muito emocionante, a partir do capítulo 19 as coisas acontecem de uma maneira muito eufórica e você não quer mais largar o livro.",,subjetiva,positiva
"Não tem como não se apaixonar por essa obra de horror com muito suspense. Com certeza, um dos melhores livros que já li na vida.",,subjetiva,positiva
"Ele trabalha muito bem em cima dos personagens apresentados, todos com uma personalidade bem construída, o que deixa a história ainda mais intensa e viciante.",,subjetiva,positiva
"Caixa de Pássaros é um thriller psicológico bem elaborado e cheio de alma, um bom livro para quem é amante do suspense.",,subjetiva,positiva
"Um livro muito bem desenvolvido e completo, com uma narrativa interessante e que prende o leitor! Fora a estética, que é impecável!",,subjetiva,positiva
"Neste livro John Green traz uma narrativa muito mais madura que nos seus outros livros, nos fazendo refletir a cada página sobre os aspectos da vida, sobre como enxergamos as pessoas e seus problemas.",,subjetiva,positiva
"Ótimo custo benefício, é uma edição barata, mas com material de qualidade considerável. Recomendo para pessoas de todas as idades, inclusive leitura para crianças.",,subjetiva,positiva
“Não existe uma única página neste livro de estreia que não prove que John Fowles é um mestre contador de histórias.” (The New York Times),,subjetiva,positiva
"Ele mostra de forma clara, simples e divertida os pensamentos, conflitos e dilemas de um adolescente aparentemente revoltado com o mundo, todas as suas qualidades e defeitos.",,subjetiva,positiva
"A leitura é muito envolvente, logo nos primeiros capítulos eu me vi presa nos relatos de Brás Cubas. A forma como ele fala da vida, e também cheia de reflexões sobre.",,subjetiva,positiva
"O livro prometeu uma história de memórias e foi exatamente isso que encontrei, é gostoso do início ao fim porque temos um personagem conversando com o leitor e fazendo-nos refletir sobre diversos pontos da vida, que só nos acrescenta.",,subjetiva,positiva
"Final maravilhoso e surpreendente! A autora trabalhou bem cada detalhe do livro, não ficou nada a deseja, tudo no encaixe perfeito.",,subjetiva,positiva
Não tenho palavras para explicar o quanto eu amei a experiência de ler finale e todo hush hush. Vou guardar essa história comigo para sempre.,,subjetiva,positiva
"Gostei bastante desse livro do Dan Brown. Fui premiado, além de uma boa narrativa, com um debate muito interessante a respeito do crescimento populacional desacelerado e suas implicações para o futuro da humanidade.",,subjetiva,positiva
"O livro do começo ao fim carrega um mistério muito forte e quanto finalmente é revelado faz ficar de boca aberta. Essa é a melhor, na minha opinião, de todas as aventuras de Robert Langdon.",,subjetiva,positiva
"O livro é cheio de mistério, ação e tensão, sendo finalizado por um final a altura da história, ainda deixando um gostinho de quero mais. Os karas são uma turma incansável e divertida de ler",,subjetiva,positiva
"""O Símbolo Perdido"" foi uma leitura deliciosa, cheia de reviravoltas e que consegue deixar o leitor entretido o tempo todo. Vale muito a pena a leitura, mesmo que não seja incrível como seus anteriores.",,subjetiva,positiva
"Esse livro é surpreendente, é daqueles que quanto mais você lê mais vontade tem. É cheio de suspenses e surpresas e o mais legal é que a história é voltada a uma dura realidade que é a desvalorização dos índios e o desprezo pela natureza.",,subjetiva,positiva
É aquele livro com uma leitura levinha e bem fluida em que você se senta no sofá e já lê tudo de uma vez de tão bom que é.,,subjetiva,positiva
"Eu gostei muito desse livro principalmente porque ele traz um pouco da história de Gallifrey, personalidades e lendas. Aqui dá pra saber um pouco mais da cultura e a forma de agir dos Senhores do Tempo.",,subjetiva,positiva
"Curti bastante a história, me surpreendi em alguns momentos, dei boas risadas e agora estou mais ansiosa para começar a ver essa série direito.",,subjetiva,positiva
E estou dentro dessa fatia de fãs filmes de terror e gostei muito da autora ter juntado sobrenatural com serial killer e lenda urbana.,,subjetiva,positiva
"V de vingança é um graphic novel que te faz chorar, amar e refletir tudo no mesmo pacote. Meu preferido depois de watchmen",,subjetiva,positiva
Ransom Riggs é definitivamente o autor que poderia escrever uma lista de compras que eu compraria e leria feliz,,subjetiva,positiva
"É nítido o quanto ele cresceu desde o primeiro livro até esse. Mesmo eu amando os três anteriores, tinha a sensação de que ele não sabia exatamente onde a história iria terminar",,subjetiva,positiva
"É um quadrinho muito top. Antes de ler, eu já tinha assistido o filme, mas depois que eu li, eu gostei muito mais da hq, porque traz muitos detalhes que não tem ou passam imperceptíveis no filme. ",,subjetiva,positiva
Sou uma fã de carteirinha desse autor. Tenho e já li todos os livros dele.,,subjetiva,positiva
"O que mais me prendeu à leitura foi a crítica velada que Adams faz à sociedade em que vivia e que se aplica tão bem hoje, mais de 40 anos depois.",,subjetiva,positiva
É um livro que quero ter na minha estante para meus filhos ler no futuro.,,subjetiva,positiva
"Vale pelo super humor, o livro é muito divertido e irônico, e até atemporal nas críticas.",,subjetiva,positiva
"O começo pode ser um pouco cansativo, mas depois se torna uma maravilha, e a leitura flui muito bem, recomendo muito esse livro.",,subjetiva,positiva
"Se Lewis Carroll tivesse escrito as histórias de Alice na atualidade, seria o Guia do mochileiro das galáxias.",,subjetiva,positiva
"Há vários contextos, pontos e perspectivas a se analisar no livro, e só isso já vale a leitura que parece ser do tipo que sempre será diferente a cada releitura.",,subjetiva,positiva
"Nenhuma informação dada pelo narrador é irrelevante, muito pelo contrário, a verdade sobre essa história está contida nos detalhes",,subjetiva,positiva
"A história prendeu minha atenção assim que li a 1° pág não só pelo assassinato, pois logo o livro te prende mesmo. ",,subjetiva,positiva
Depois de esperar por mais de 10 anos pra ler esse livro estou impressionado por ele ter correspondido as expectativas que não eram poucas.,,subjetiva,positiva
"É uma historia tão rica em varios aspectos, uma leitura fluida que foi extremamente agradavel, mal posso esperar para ler os outros dois livros",,subjetiva,positiva
"Pouco me apeguei à ele, mas gostei do final (previsível) e de conseguir me imaginar na Espanha de 1924.",,subjetiva,positiva
"Certamente perdeu o apelo popular que suponho ter tido no século passado, mas continua direto e poderoso como sempre",,subjetiva,positiva
"Eu amo romance adolescente, mas este é particularmente lindo, a forma doce de lidar com uma realidade tão difícil.",,subjetiva,positiva
"Faz tempo que não leio algo tão macabramente completo como esse livro. A narrativa é envolvente e densa, dando ao leitor uma sensação peso e tensão que segue a história o tempo todo",,subjetiva,positiva
"Bom... o que dizer ... sem palavras ... adorei ... ri, chorei, ne emicionei e queria mais...",,subjetiva,positiva
Não foi aquele livro que quando você termina de ler parece que perdeu uma parte da sua alma... Só bom..,,subjetiva,positiva
"O português arcaico dificulta bastante a Leitura, mas é interessante e divertido.",,subjetiva,positiva
"Achava que iria achar ele bem chatinho, mas quando comecei gostei muito.",,subjetiva,positiva
O autor transforma a clássica história de Machado de Assis em uma versão acessível para o público infanto juvenil não familiarizado com a rebuscada linguagem machadiana.,,subjetiva,positiva
"Aventura o tempo todo, um livro empolgante!",,subjetiva,positiva
Amei o livro. Todo o universo criado. Cada personagem. Enfim sem defeitos.,,subjetiva,positiva